Manufacturer:Link;ArticleNo;ArtNo;TecDoc.ArtNo;TecDoc.Link;ArticleID;ManufacturerArticleNo;Manufacturer:Link;K24Number;ManufacturerNo;Name;TecDoc.Link;ArticleBrand:Link
503;ATE-03.0137-0531.2;03.0137-0531.2;03.0137-0531.2;ATE-03.0137-0531.2;1682882;03.0137-0531.2;ATE;1410-111469;ATE;ATE;3;503
503;ATE-03.0137-0312.2;03.0137-0312.2;03.0137-0312.2;ATE-03.0137-0312.2;664899;10810014;BKL;1410-17799;ATE;ATE;3;503
503;ATE-03.0137-0352.2;03.0137-0352.2;03.0137-0352.2;ATE-03.0137-0352.2;656330;03.0137-0352.2;ATE;1410-5377;ATE;ATE;3;503
503;ATE-03.0137-0266.2;03.0137-0266.2;03.0137-0266.2;ATE-03.0137-0266.2;656944;03.0137-0266.2;ATE;1410-5309;ATE;ATE;3;503
503;ATE-03.0137-0124.2;03.0137-0124.2;03.0137-0124.2;ATE-03.0137-0124.2;656426;03.0137-0124.2;ATE;1410-5201;ATE;ATE;3;503
503;ATE-03.0137-0247.2;03.0137-0247.2;03.0137-0247.2;ATE-03.0137-0247.2;656895;03.0137-0247.2;ATE;1410-5292;ATE;ATE;3;503
503;ATE-03.0137-0207.2;03.0137-0207.2;03.0137-0207.2;ATE-03.0137-0207.2;656836;03.0137-0207.2;ATE;1410-5263;ATE;ATE;3;503
503;ATE-03.0137-0149.2;03.0137-0149.2;03.0137-0149.2;ATE-03.0137-0149.2;656482;03.0137-0149.2;ATE;1410-5215;ATE;ATE;3;503
503;ATE-03.0137-0247.2;03.0137-0247.2;03.0137-0247.2;ATE-03.0137-0247.2;665237;10810025;BKL;1410-18085;ATE;ATE;3;503
503;ATE-03.0137-0417.2;03.0137-0417.2;03.0137-0417.2;ATE-03.0137-0417.2;657459;03.0137-0417.2;ATE;1410-5430;ATE;ATE;3;503
503;ATE-03.0137-0313.2;03.0137-0313.2;03.0137-0313.2;ATE-03.0137-0313.2;657020;03.0137-0313.2;ATE;1410-5349;ATE;ATE;3;503
503;ATE-03.0101-3501.2;03.0101-3501.2;03.0101-3501.2;ATE-03.0101-3501.2;658585;03.0101-3501.2;ATE;1440-19684;ATE;ATE;3;503
503;ATE-03.0137-0165.2;03.0137-0165.2;03.0137-0165.2;ATE-03.0137-0165.2;656508;03.0137-0165.2;ATE;1410-5226;ATE;ATE;3;503
503;ATE-03.0137-0334.2;03.0137-0334.2;03.0137-0334.2;ATE-03.0137-0334.2;656315;03.0137-0334.2;ATE;1410-5362;ATE;ATE;3;503
503;ATE-03.0137-0407.2;03.0137-0407.2;03.0137-0407.2;ATE-03.0137-0407.2;657449;03.0137-0407.2;ATE;1410-5420;ATE;ATE;3;503
503;ATE-03.0137-9186.2;03.0137-9186.2;03.0137-9186.2;ATE-03.0137-9186.2;655436;03.0137-9186.2;ATE;1440-21852;ATE;ATE;3;503
503;ATE-03.0137-0274.2;03.0137-0274.2;03.0137-0274.2;ATE-03.0137-0274.2;662991;10810008;BKL;1410-17229;ATE;ATE;3;503
503;ATE-03.0137-0197.2;03.0137-0197.2;03.0137-0197.2;ATE-03.0137-0197.2;657116;03.0137-0197.2;ATE;1410-5254;ATE;ATE;3;503
503;ATE-03.0137-9277.2;03.0137-9277.2;03.0137-9277.2;ATE-03.0137-9277.2;665316;10910030;BKL;1440-47542;ATE;ATE;3;503
503;ATE-03.0137-0055.2;03.0137-0055.2;03.0137-0055.2;ATE-03.0137-0055.2;655787;03.0137-0055.2;ATE;1410-5183;ATE;ATE;3;503
503;ATE-03.0137-0294.2;03.0137-0294.2;03.0137-0294.2;ATE-03.0137-0294.2;665239;10810027;BKL;1410-18087;ATE;ATE;3;503
503;ATE-03.0137-0390.2;03.0137-0390.2;03.0137-0390.2;ATE-03.0137-0390.2;656345;03.0137-0390.2;ATE;1410-5406;ATE;ATE;3;503
503;ATE-03.0137-9313.2;03.0137-9313.2;03.0137-9313.2;ATE-03.0137-9313.2;649985;03.0137-9313.2;ATE;1440-58976;ATE;ATE;3;503
503;ATE-03.0137-9300.2;03.0137-9300.2;03.0137-9300.2;ATE-03.0137-9300.2;651844;03.0137-9300.2;ATE;1440-47081;ATE;ATE;3;503
503;ATE-03.0137-0491.2;03.0137-0491.2;03.0137-0491.2;ATE-03.0137-0491.2;666770;10810145;BKL;1410-20107;ATE;ATE;3;503
503;ATE-03.0137-9230.2;03.0137-9230.2;03.0137-9230.2;ATE-03.0137-9230.2;655779;03.0137-9230.2;ATE;1440-21879;ATE;ATE;3;503
503;ATE-03.0137-9304.2;03.0137-9304.2;03.0137-9304.2;ATE-03.0137-9304.2;665862;10910069;BKL;1440-53307;ATE;ATE;3;503
503;ATE-03.0137-9233.2;03.0137-9233.2;03.0137-9233.2;ATE-03.0137-9233.2;655470;03.0137-9233.2;ATE;1440-21882;ATE;ATE;3;503
503;ATE-03.0137-0399.2;03.0137-0399.2;03.0137-0399.2;ATE-03.0137-0399.2;656352;03.0137-0399.2;ATE;1410-5413;ATE;ATE;3;503
503;ATE-03.0137-9184.2;03.0137-9184.2;03.0137-9184.2;ATE-03.0137-9184.2;655435;03.0137-9184.2;ATE;1440-21851;ATE;ATE;3;503
503;ATE-03.0137-0209.2;03.0137-0209.2;03.0137-0209.2;ATE-03.0137-0209.2;662988;10810006;BKL;1410-17226;ATE;ATE;3;503
503;ATE-03.0137-0282.2;03.0137-0282.2;03.0137-0282.2;ATE-03.0137-0282.2;656976;03.0137-0282.2;ATE;1410-5321;ATE;ATE;3;503
503;ATE-03.0137-9288.2;03.0137-9288.2;03.0137-9288.2;ATE-03.0137-9288.2;660706;03.0137-9288.2;ATE;1440-27246;ATE;ATE;3;503
503;ATE-03.0137-0267.2;03.0137-0267.2;03.0137-0267.2;ATE-03.0137-0267.2;664897;10810013;BKL;1410-17797;ATE;ATE;3;503
503;ATE-03.0137-9192.2;03.0137-9192.2;03.0137-9192.2;ATE-03.0137-9192.2;663824;10910043;BKL;1440-48500;ATE;ATE;3;503
503;ATE-03.0137-0256.2;03.0137-0256.2;03.0137-0256.2;ATE-03.0137-0256.2;663603;10810101;BKL;1410-18585;ATE;ATE;3;503
503;ATE-03.0137-0376.2;03.0137-0376.2;03.0137-0376.2;ATE-03.0137-0376.2;656392;03.0137-0376.2;ATE;1410-5394;ATE;ATE;3;503
503;ATE-03.0137-0365.2;03.0137-0365.2;03.0137-0365.2;ATE-03.0137-0365.2;664457;10810035;BKL;1410-18095;ATE;ATE;3;503
503;ATE-03.0137-0202.2;03.0137-0202.2;03.0137-0202.2;ATE-03.0137-0202.2;656832;03.0137-0202.2;ATE;1410-5259;ATE;ATE;3;503
503;ATE-03.0137-0260.2;03.0137-0260.2;03.0137-0260.2;ATE-03.0137-0260.2;665224;11410010;BKL;1410-18117;ATE;ATE;3;503
503;ATE-03.0137-0073.2;03.0137-0073.2;03.0137-0073.2;ATE-03.0137-0073.2;655788;03.0137-0073.2;ATE;1410-5184;ATE;ATE;3;503
503;ATE-03.0137-9275.2;03.0137-9275.2;03.0137-9275.2;ATE-03.0137-9275.2;656107;03.0137-9275.2;ATE;1440-21922;ATE;ATE;3;503
503;ATE-03.0137-0207.2;03.0137-0207.2;03.0137-0207.2;ATE-03.0137-0207.2;662990;10810007;BKL;1410-17228;ATE;ATE;3;503
503;ATE-03.0137-9247.2;03.0137-9247.2;03.0137-9247.2;ATE-03.0137-9247.2;655483;03.0137-9247.2;ATE;1440-21895;ATE;ATE;3;503
503;ATE-03.0137-0336.2;03.0137-0336.2;03.0137-0336.2;ATE-03.0137-0336.2;656317;03.0137-0336.2;ATE;1410-5364;ATE;ATE;3;503
503;ATE-03.0137-9245.2;03.0137-9245.2;03.0137-9245.2;ATE-03.0137-9245.2;655481;03.0137-9245.2;ATE;1440-21893;ATE;ATE;3;503
503;ATE-03.0137-0507.2;03.0137-0507.2;03.0137-0507.2;ATE-03.0137-0507.2;1682869;03.0137-0507.2;ATE;1410-111457;ATE;ATE;3;503
503;ATE-03.0137-0404.2;03.0137-0404.2;03.0137-0404.2;ATE-03.0137-0404.2;657447;03.0137-0404.2;ATE;1410-5417;ATE;ATE;3;503
503;ATE-03.0137-9301.2;03.0137-9301.2;03.0137-9301.2;ATE-03.0137-9301.2;651845;03.0137-9301.2;ATE;1440-47082;ATE;ATE;3;503
503;ATE-03.0137-0486.2;03.0137-0486.2;03.0137-0486.2;ATE-03.0137-0486.2;660738;03.0137-0486.2;ATE;1410-6518;ATE;ATE;3;503
503;ATE-03.0137-9221.2;03.0137-9221.2;03.0137-9221.2;ATE-03.0137-9221.2;655393;03.0137-9221.2;ATE;1440-21875;ATE;ATE;3;503
503;ATE-03.0137-9307.2;03.0137-9307.2;03.0137-9307.2;ATE-03.0137-9307.2;651097;03.0137-9307.2;ATE;1440-49159;ATE;ATE;3;503
503;ATE-03.0137-0221.2;03.0137-0221.2;03.0137-0221.2;ATE-03.0137-0221.2;664196;10810058;BKL;1410-18184;ATE;ATE;3;503
503;ATE-03.0137-0299.2;03.0137-0299.2;03.0137-0299.2;ATE-03.0137-0299.2;656993;03.0137-0299.2;ATE;1410-5337;ATE;ATE;3;503
503;ATE-03.0137-0258.2;03.0137-0258.2;03.0137-0258.2;ATE-03.0137-0258.2;656904;03.0137-0258.2;ATE;1410-5301;ATE;ATE;3;503
503;ATE-03.0137-0302.2;03.0137-0302.2;03.0137-0302.2;ATE-03.0137-0302.2;656995;03.0137-0302.2;ATE;1410-5339;ATE;ATE;3;503
503;ATE-03.0137-0238.2;03.0137-0238.2;03.0137-0238.2;ATE-03.0137-0238.2;664197;10810059;BKL;1410-18185;ATE;ATE;3;503
503;ATE-03.0137-0208.2;03.0137-0208.2;03.0137-0208.2;ATE-03.0137-0208.2;666141;10810131;BKL;1410-20093;ATE;ATE;3;503
503;ATE-03.0137-0475.2;03.0137-0475.2;03.0137-0475.2;ATE-03.0137-0475.2;660732;03.0137-0475.2;ATE;1410-6512;ATE;ATE;3;503
503;ATE-03.0137-0337.2;03.0137-0337.2;03.0137-0337.2;ATE-03.0137-0337.2;656318;03.0137-0337.2;ATE;1410-5365;ATE;ATE;3;503
503;ATE-03.0137-9261.2;03.0137-9261.2;03.0137-9261.2;ATE-03.0137-9261.2;666559;10910061;BKL;1440-52448;ATE;ATE;3;503
503;ATE-03.0137-0472.2;03.0137-0472.2;03.0137-0472.2;ATE-03.0137-0472.2;663121;10810118;BKL;1410-18746;ATE;ATE;3;503
503;ATE-03.0137-0412.2;03.0137-0412.2;03.0137-0412.2;ATE-03.0137-0412.2;663577;10810094;BKL;1410-18559;ATE;ATE;3;503
503;ATE-03.0137-0289.2;03.0137-0289.2;03.0137-0289.2;ATE-03.0137-0289.2;656984;03.0137-0289.2;ATE;1410-5328;ATE;ATE;3;503
503;ATE-03.0137-0338.2;03.0137-0338.2;03.0137-0338.2;ATE-03.0137-0338.2;656319;03.0137-0338.2;ATE;1410-5366;ATE;ATE;3;503
503;ATE-03.0137-9181.2;03.0137-9181.2;03.0137-9181.2;ATE-03.0137-9181.2;655432;03.0137-9181.2;ATE;1440-21849;ATE;ATE;3;503
503;ATE-03.0137-9242.2;03.0137-9242.2;03.0137-9242.2;ATE-03.0137-9242.2;655478;03.0137-9242.2;ATE;1440-21890;ATE;ATE;3;503
503;ATE-03.0137-0485.2;03.0137-0485.2;03.0137-0485.2;ATE-03.0137-0485.2;659702;03.0137-0485.2;ATE;1410-14329;ATE;ATE;3;503
503;ATE-03.0137-0453.2;03.0137-0453.2;03.0137-0453.2;ATE-03.0137-0453.2;665747;11410045;BKL;1410-20167;ATE;ATE;3;503
503;ATE-03.0137-9255.2;03.0137-9255.2;03.0137-9255.2;ATE-03.0137-9255.2;665320;11610011;BKL;1440-47545;ATE;ATE;3;503
503;ATE-03.0137-0498.2;03.0137-0498.2;03.0137-0498.2;ATE-03.0137-0498.2;660009;10810073;BKL;1410-18199;ATE;ATE;3;503
503;ATE-03.0137-0367.2;03.0137-0367.2;03.0137-0367.2;ATE-03.0137-0367.2;656387;03.0137-0367.2;ATE;1410-5389;ATE;ATE;3;503
503;ATE-03.0137-9268.2;03.0137-9268.2;03.0137-9268.2;ATE-03.0137-9268.2;663828;10910047;BKL;1440-48504;ATE;ATE;3;503
503;ATE-03.0137-0222.2;03.0137-0222.2;03.0137-0222.2;ATE-03.0137-0222.2;656847;03.0137-0222.2;ATE;1410-5274;ATE;ATE;3;503
503;ATE-03.0137-9266.2;03.0137-9266.2;03.0137-9266.2;ATE-03.0137-9266.2;656064;03.0137-9266.2;ATE;1440-21913;ATE;ATE;3;503
503;ATE-03.0137-0499.2;03.0137-0499.2;03.0137-0499.2;ATE-03.0137-0499.2;649600;03.0137-0499.2;ATE;1410-20201;ATE;ATE;3;503
503;ATE-03.0137-0439.2;03.0137-0439.2;03.0137-0439.2;ATE-03.0137-0439.2;657492;03.0137-0439.2;ATE;1410-5452;ATE;ATE;3;503
503;ATE-03.0137-0150.2;03.0137-0150.2;03.0137-0150.2;ATE-03.0137-0150.2;665222;11410008;BKL;1410-18115;ATE;ATE;3;503
503;ATE-03.0137-0284.2;03.0137-0284.2;03.0137-0284.2;ATE-03.0137-0284.2;666746;10810134;BKL;1410-20096;ATE;ATE;3;503
503;ATE-03.0137-0460.2;03.0137-0460.2;03.0137-0460.2;ATE-03.0137-0460.2;656704;03.0137-0460.2;ATE;1410-5468;ATE;ATE;3;503
503;ATE-03.0137-0257.2;03.0137-0257.2;03.0137-0257.2;ATE-03.0137-0257.2;665238;10810026;BKL;1410-18086;ATE;ATE;3;503
503;ATE-03.0137-0445.2;03.0137-0445.2;03.0137-0445.2;ATE-03.0137-0445.2;657497;03.0137-0445.2;ATE;1410-5457;ATE;ATE;3;503
503;ATE-03.0137-0417.2;03.0137-0417.2;03.0137-0417.2;ATE-03.0137-0417.2;665193;10810040;BKL;1410-18100;ATE;ATE;3;503
503;ATE-03.0137-9282.2;03.0137-9282.2;03.0137-9282.2;ATE-03.0137-9282.2;663825;10910044;BKL;1440-48501;ATE;ATE;3;503
503;ATE-03.0137-0479.2;03.0137-0479.2;03.0137-0479.2;ATE-03.0137-0479.2;664737;10810088;BKL;1410-18438;ATE;ATE;3;503
503;ATE-03.0137-0345.2;03.0137-0345.2;03.0137-0345.2;ATE-03.0137-0345.2;663605;10810102;BKL;1410-18588;ATE;ATE;3;503
503;ATE-03.0137-0409.2;03.0137-0409.2;03.0137-0409.2;ATE-03.0137-0409.2;657451;03.0137-0409.2;ATE;1410-5422;ATE;ATE;3;503
503;ATE-03.0137-0322.2;03.0137-0322.2;03.0137-0322.2;ATE-03.0137-0322.2;657027;03.0137-0322.2;ATE;1410-5356;ATE;ATE;3;503
503;ATE-03.0137-0041.2;03.0137-0041.2;03.0137-0041.2;ATE-03.0137-0041.2;655784;03.0137-0041.2;ATE;1410-5180;ATE;ATE;3;503
503;ATE-03.0137-9319.2;03.0137-9319.2;03.0137-9319.2;ATE-03.0137-9319.2;649987;03.0137-9319.2;ATE;1440-58978;ATE;ATE;3;503
503;ATE-03.0137-0492.2;03.0137-0492.2;03.0137-0492.2;ATE-03.0137-0492.2;661815;03.0137-0492.2;ATE;1410-14902;ATE;ATE;3;503
503;ATE-03.0137-0431.2;03.0137-0431.2;03.0137-0431.2;ATE-03.0137-0431.2;666767;10810142;BKL;1410-20104;ATE;ATE;3;503
503;ATE-03.0137-0291.2;03.0137-0291.2;03.0137-0291.2;ATE-03.0137-0291.2;656986;03.0137-0291.2;ATE;1410-5330;ATE;ATE;3;503
503;ATE-03.0137-0377.2;03.0137-0377.2;03.0137-0377.2;ATE-03.0137-0377.2;656393;03.0137-0377.2;ATE;1410-5395;ATE;ATE;3;503
503;ATE-03.0137-0365.2;03.0137-0365.2;03.0137-0365.2;ATE-03.0137-0365.2;656385;03.0137-0365.2;ATE;1410-5387;ATE;ATE;3;503
503;ATE-03.0137-0446.2;03.0137-0446.2;03.0137-0446.2;ATE-03.0137-0446.2;663211;10810110;BKL;1410-18738;ATE;ATE;3;503
503;ATE-03.0137-0263.2;03.0137-0263.2;03.0137-0263.2;ATE-03.0137-0263.2;656941;03.0137-0263.2;ATE;1410-5306;ATE;ATE;3;503
503;ATE-03.0137-0287.2;03.0137-0287.2;03.0137-0287.2;ATE-03.0137-0287.2;663122;10810119;BKL;1410-18747;ATE;ATE;3;503
503;ATE-03.0137-9194.2;03.0137-9194.2;03.0137-9194.2;ATE-03.0137-9194.2;655375;03.0137-9194.2;ATE;1440-21857;ATE;ATE;3;503
503;ATE-03.0137-0268.2;03.0137-0268.2;03.0137-0268.2;ATE-03.0137-0268.2;656946;03.0137-0268.2;ATE;1410-5311;ATE;ATE;3;503
