TD-ArticleNo;TD-ArtNo;ManufacturerArticleNo;PDM-ArticleID;PDM-K24Nr;Manufacturer:Link;DataSupplier:Link
OPTIMAL-G5-870;G5-870;G5-870;3104910;NULL;OPT;129
OPTIMAL-G5-871;G5-871;G5-871;3104911;NULL;OPT;129
OPTIMAL-G6-786;G6-786;G6-786;3105019;NULL;OPT;129
OPTIMAL-G6-789;G6-789;G6-789;3105020;NULL;OPT;129
OPTIMAL-06-S534;06-S534;06-S534;3106680;NULL;OPT;129
OPTIMAL-06-S723;06-S723;06-S723;3106701;NULL;OPT;129
OPTIMAL-06-S765;06-S765;06-S765;3106706;NULL;OPT;129
OPTIMAL-06-S767;06-S767;06-S767;3106708;NULL;OPT;129
OPTIMAL-06-S778;06-S778;06-S778;3106709;NULL;OPT;129
OPTIMAL-06-S824;06-S824;06-S824;3106710;NULL;OPT;129
OPTIMAL-100053L1;100053L1;100053L1;3109180;NULL;OPT;129
OPTIMAL-982473;982473;982473;3109283;NULL;OPT;129
OPTIMAL-982875;982875;982875;3109287;NULL;OPT;129
JAPANPARTS-DI-020;DI-020;DI-020;3304450;NULL;JPP;156
JAPANPARTS-DI-030;DI-030;DI-030;3304452;NULL;JPP;156
JAPANPARTS-DI-033;DI-033;DI-033;3304453;NULL;JPP;156
JAPANPARTS-DI-116;DI-116;DI-116;3304458;NULL;JPP;156
JAPANPARTS-DI-164;DI-164;DI-164;3304463;NULL;JPP;156
JAPANPARTS-DI-174;DI-174;DI-174;3304466;NULL;JPP;156
JAPANPARTS-DI-2021;DI-2021;DI-2021;3304474;NULL;JPP;156
JAPANPARTS-DI-2030;DI-2030;DI-2030;3304475;NULL;JPP;156
JAPANPARTS-DI-2042;DI-2042;DI-2042;3304478;NULL;JPP;156
JAPANPARTS-DI-2045;DI-2045;DI-2045;3304479;NULL;JPP;156
JAPANPARTS-DI-2050;DI-2050;DI-2050;3304482;NULL;JPP;156
JAPANPARTS-DI-306;DI-306;DI-306;3304493;NULL;JPP;156
JAPANPARTS-DI-361;DI-361;DI-361;3304499;NULL;JPP;156
JAPANPARTS-DI-362;DI-362;DI-362;3304500;NULL;JPP;156
JAPANPARTS-DI-363;DI-363;DI-363;3304501;NULL;JPP;156
JAPANPARTS-DI-440;DI-440;DI-440;3304504;NULL;JPP;156
JAPANPARTS-DI-442;DI-442;DI-442;3304506;NULL;JPP;156
JAPANPARTS-DI-513;DI-513;DI-513;3304511;NULL;JPP;156
JAPANPARTS-DI-549;DI-549;DI-549;3304514;NULL;JPP;156
JAPANPARTS-DI-611;DI-611;DI-611;3304524;NULL;JPP;156
JAPANPARTS-DI-699;DI-699;DI-699;3304528;NULL;JPP;156
JAPANPARTS-DI-833;DI-833;DI-833;3304535;NULL;JPP;156
JAPANPARTS-DI-904;DI-904;DI-904;3304538;NULL;JPP;156
JAPANPARTS-DI-911;DI-911;DI-911;3304541;NULL;JPP;156
JAPANPARTS-DI-924;DI-924;DI-924;3304543;NULL;JPP;156
JAPANPARTS-DI-929;DI-929;DI-929;3304544;NULL;JPP;156
JAPANPARTS-DI-H28;DI-H28;DI-H28;3304548;NULL;JPP;156
JAPANPARTS-DI-H33;DI-H33;DI-H33;3304551;NULL;JPP;156
JAPANPARTS-DI-L15;DI-L15;DI-L15;3304554;NULL;JPP;156
JAPANPARTS-DI-L16;DI-L16;DI-L16;3304555;NULL;JPP;156
JAPANPARTS-DP-010;DP-010;DP-010;3304561;NULL;JPP;156
JAPANPARTS-DP-0600;DP-0600;DP-0600;3304562;NULL;JPP;156
JAPANPARTS-DP-250;DP-250;DP-250;3304566;NULL;JPP;156
JAPANPARTS-DP-254;DP-254;DP-254;3304567;NULL;JPP;156
JAPANPARTS-DP-260;DP-260;DP-260;3304569;NULL;JPP;156
JAPANPARTS-DP-264;DP-264;DP-264;3304572;NULL;JPP;156
JAPANPARTS-DP-303;DP-303;DP-303;3304574;NULL;JPP;156
JAPANPARTS-DP-426;DP-426;DP-426;3304580;NULL;JPP;156
JAPANPARTS-DP-502;DP-502;DP-502;3304583;NULL;JPP;156
JAPANPARTS-DP-604;DP-604;DP-604;3304587;NULL;JPP;156
JAPANPARTS-DP-H14;DP-H14;DP-H14;3304594;NULL;JPP;156
JAPANPARTS-DP-H17;DP-H17;DP-H17;3304595;NULL;JPP;156
JAPANPARTS-DP-L11;DP-L11;DP-L11;3304604;NULL;JPP;156
BTSTURBO-A197001;A197001;A197001;3341279;NULL;BTS;177
BTSTURBO-A198001;A198001;A198001;3341280;NULL;BTS;177
BTSTURBO-A199010;A199010;A199010;3341281;NULL;BTS;177
FEBIBILSTEIN-11190;11190;SET11190;3448230;NULL;FEB;101
FEBIBILSTEIN-22712;22712;SET22712;3448947;NULL;MON;101
FEBIBILSTEIN-23443;23443;SET23443;3448950;NULL;MON;101
FEBIBILSTEIN-26654;26654;SET26654;3449201;NULL;MON;101
FEBIBILSTEIN-49232;49232;SET49232;3449947;NULL;SPI;101
HR1-8050-1067;8050-1067;SET8050-1067;3450179;NULL;KON;5060
HELLA-8DD 355 120-371;8DD 355 120-371;SET8DD 355 120-371;3451094;NULL;HLL;2
HELLA-8DD 355 120-621;8DD 355 120-621;SET8DD 355 120-621;3451096;NULL;HLL;2
HELLA-8DD 355 120-631;8DD 355 120-631;SET8DD 355 120-631;3451098;NULL;HLL;2
HELLA-8DD 355 122-231;8DD 355 122-231;SET8DD 355 122-231;3451110;NULL;HLL;2
HELLA-8DD 355 122-521;8DD 355 122-521;SET8DD 355 122-521;3451112;NULL;HLL;2
HELLA-8DD 355 122-571;8DD 355 122-571;SET8DD 355 122-571;3451114;NULL;HLL;2
HELLA-8DD 355 122-691;8DD 355 122-691;SET8DD 355 122-691;3451116;NULL;HLL;2
HELLA-8DD 355 122-741;8DD 355 122-741;SET8DD 355 122-741;3451119;NULL;HLP;2
HELLA-8DD 355 122-771;8DD 355 122-771;SET8DD 355 122-771;3451123;NULL;HLL;2
HELLA-8DD 355 122-781;8DD 355 122-781;SET8DD 355 122-781;3451125;NULL;HLP;2
HELLA-8DD 355 122-791;8DD 355 122-791;SET8DD 355 122-791;3451127;NULL;HLL;2
HELLA-8DD 355 122-801;8DD 355 122-801;SET8DD 355 122-801;3451129;NULL;HLL;2
HELLA-8DD 355 122-811;8DD 355 122-811;SET8DD 355 122-811;3451131;NULL;HLL;2
HELLA-8DD 355 122-941;8DD 355 122-941;SET8DD 355 122-941;3451133;NULL;HLP;2
HELLA-8DD 355 122-981;8DD 355 122-981;SET8DD 355 122-981;3451135;NULL;HLP;2
HELLA-8DD 355 122-991;8DD 355 122-991;SET8DD 355 122-991;3451137;NULL;HLL;2
HELLA-8DD 355 123-071;8DD 355 123-071;SET8DD 355 123-071;3451141;NULL;HLP;2
HELLA-8DD 355 123-091;8DD 355 123-091;SET8DD 355 123-091;3451143;NULL;HLP;2
HELLA-8DD 355 123-101;8DD 355 123-101;SET8DD 355 123-101;3451145;NULL;HLL;2
HELLA-8DD 355 123-241;8DD 355 123-241;SET8DD 355 123-241;3451151;NULL;HLL;2
HELLA-8DD 355 123-251;8DD 355 123-251;SET8DD 355 123-251;3451153;NULL;HLP;2
HELLA-8DD 355 123-261;8DD 355 123-261;SET8DD 355 123-261;3451155;NULL;HLL;2
HELLA-8DD 355 123-281;8DD 355 123-281;SET8DD 355 123-281;3451157;NULL;HLL;2
HELLA-8DD 355 123-321;8DD 355 123-321;SET8DD 355 123-321;3451159;NULL;HLL;2
HELLA-8DD 355 123-331;8DD 355 123-331;SET8DD 355 123-331;3451161;NULL;HLP;2
HELLA-8DD 355 123-361;8DD 355 123-361;SET8DD 355 123-361;3451164;NULL;HLP;2
HELLA-8DD 355 123-371;8DD 355 123-371;SET8DD 355 123-371;3451166;NULL;HLL;2
HELLA-8DD 355 123-421;8DD 355 123-421;SET8DD 355 123-421;3451171;NULL;HLP;2
HELLA-8DD 355 123-491;8DD 355 123-491;SET8DD 355 123-491;3451175;NULL;HLP;2
HELLA-8DD 355 125-071;8DD 355 125-071;SET8DD 355 125-071;3451177;NULL;HLL;2
HELLA-8DD 355 125-081;8DD 355 125-081;SET8DD 355 125-081;3451179;NULL;HLP;2
HELLA-8DD 355 125-091;8DD 355 125-091;SET8DD 355 125-091;3451181;NULL;HLL;2
HELLA-8DD 355 125-121;8DD 355 125-121;SET8DD 355 125-121;3451183;NULL;HLP;2
HELLA-8DD 355 125-131;8DD 355 125-131;SET8DD 355 125-131;3451185;NULL;HLP;2
HELLA-8DD 355 125-141;8DD 355 125-141;SET8DD 355 125-141;3451187;NULL;HLP;2
HELLA-8DD 355 125-151;8DD 355 125-151;SET8DD 355 125-151;3451189;NULL;HLP;2
HELLA-8DD 355 125-211;8DD 355 125-211;SET8DD 355 125-211;3451192;NULL;HLP;2
HELLA-8DD 355 125-451;8DD 355 125-451;SET8DD 355 125-451;3451208;NULL;HLP;2
HELLA-8DT 355 302-921;8DT 355 302-921;SET8DT 355 302-921;3451315;NULL;HLP;2
HELLA-8DT 355 302-931;8DT 355 302-931;SET8DT 355 302-931;3451317;NULL;HLL;2
HELLA-8DT 355 302-941;8DT 355 302-941;SET8DT 355 302-941;3451319;NULL;HLL;2
HELLA-8DT 355 302-951;8DT 355 302-951;SET8DT 355 302-951;3451321;NULL;HLL;2
HELLA-8DT 355 302-961;8DT 355 302-961;SET8DT 355 302-961;3451323;NULL;HLL;2
HELLA-8DT 355 302-971;8DT 355 302-971;SET8DT 355 302-971;3451325;NULL;HLP;2
HELLA-8DT 355 302-981;8DT 355 302-981;SET8DT 355 302-981;3451327;NULL;HLP;2
DINEX-38301;38301;38301;3455223;NULL;DIN;233
DINEX-43121;43121;43121;3455384;NULL;DIN;233
DINEX-43122;43122;43122;3455385;NULL;DIN;233
DINEX-43123;43123;43123;3455386;NULL;DIN;233
DINEX-56192;56192;56192;3457186;NULL;DIN;233
DINEX-56302;56302;56302;3457203;NULL;DIN;233
DINEX-66347;66347;66347;3457837;NULL;DIN;233
DINEX-66504;66504;66504;3457850;NULL;DIN;233
DINEX-66808;66808;66808;3457870;NULL;DIN;233
MOTUL-109600;109600;109600;3462338;NULL;MTL;436
MOTUL-109532;109532;109532;3462346;NULL;MTL;436
MOTUL-109461;109461;109461;3462361;NULL;MTL;436
MOTUL-109423;109423;109423;3462367;NULL;MTL;436
MOTUL-109378;109378;109378;3462397;NULL;MTL;436
MOTUL-108691;108691;108691;3462523;NULL;MTL;436
MOTUL-108690;108690;108690;3462524;NULL;MTL;436
MOTUL-108676;108676;108676;3462527;NULL;MTL;436
MOTUL-108675;108675;108675;3462528;NULL;MTL;436
MOTUL-108674;108674;108674;3462529;NULL;MTL;436
MOTUL-108664;108664;108664;3462533;NULL;MTL;436
MOTUL-108663;108663;108663;3462534;NULL;MTL;436
MOTUL-108660;108660;108660;3462536;NULL;MTL;436
MOTUL-108659;108659;108659;3462537;NULL;MTL;436
MOTUL-108655;108655;108655;3462539;NULL;MTL;436
MOTUL-108653;108653;108653;3462541;NULL;MTL;436
MOTUL-108649;108649;108649;3462543;NULL;MTL;436
MOTUL-108635;108635;108635;3462553;NULL;MTL;436
MOTUL-108033;108033;108033;3462594;NULL;MTL;436
MOTUL-108030;108030;108030;3462595;NULL;MTL;436
MOTUL-108009;108009;108009;3462596;NULL;MTL;436
MOTUL-108004;108004;108004;3462598;NULL;MTL;436
MOTUL-108002;108002;108002;3462599;NULL;MTL;436
MOTUL-107999;107999;107999;3462600;NULL;MTL;436
MOTUL-107983;107983;107983;3462601;NULL;MTL;436
MOTUL-107979;107979;107979;3462605;NULL;MTL;436
MOTUL-107978;107978;107978;3462606;NULL;MTL;436
MOTUL-107972;107972;107972;3462610;NULL;MTL;436
MOTUL-107971;107971;107971;3462611;NULL;MTL;436
MOTUL-107970;107970;107970;3462612;NULL;MTL;436
MOTUL-107968;107968;107968;3462614;NULL;MTL;436
MOTUL-107960;107960;107960;3462615;NULL;MTL;436
MOTUL-107957;107957;107957;3462617;NULL;MTL;436
MOTUL-107956;107956;107956;3462618;NULL;MTL;436
MOTUL-107952;107952;107952;3462622;NULL;MTL;436
MOTUL-107948;107948;107948;3462625;NULL;MTL;436
MOTUL-107947;107947;107947;3462626;NULL;MTL;436
MOTUL-107943;107943;107943;3462630;NULL;MTL;436
MOTUL-107942;107942;107942;3462631;NULL;MTL;436
MOTUL-107941;107941;107941;3462632;NULL;MTL;436
MOTUL-107815;107815;107815;3462639;NULL;MTL;436
MOTUL-107813;107813;107813;3462640;NULL;MTL;436
MOTUL-107785;107785;107785;3462649;NULL;MTL;436
MOTUL-107784;107784;107784;3462650;NULL;MTL;436
MOTUL-107782;107782;107782;3462651;NULL;MTL;436
MOTUL-107780;107780;107780;3462653;NULL;MTL;436
MOTUL-107779;107779;107779;3462654;NULL;MTL;436
MOTUL-107695;107695;107695;3462658;NULL;MTL;436
MOTUL-107220;107220;107220;3462673;NULL;MTL;436
MOTUL-106469;106469;106469;3462702;NULL;MTL;436
MOTUL-106465;106465;106465;3462703;NULL;MTL;436
MOTUL-106458;106458;106458;3462710;NULL;MTL;436
MOTUL-106110;106110;106110;3462742;NULL;MTL;436
MOTUL-106109;106109;106109;3462743;NULL;MTL;436
MOTUL-106100;106100;106100;3462744;NULL;MTL;436
MOTUL-106042;106042;106042;3462746;NULL;MTL;436
MOTUL-106012;106012;106012;3462749;NULL;MTL;436
MOTUL-106011;106011;106011;3462750;NULL;MTL;436
MOTUL-105959;105959;105959;3462757;NULL;MTL;436
MOTUL-105909;105909;105909;3462759;NULL;MTL;436
MOTUL-105044;105044;105044;3462768;NULL;MTL;436
MOTUL-104868;104868;104868;3462772;NULL;MTL;436
MOTUL-104358;104358;104358;3462782;NULL;MTL;436
MOTUL-104069;104069;104069;3462788;NULL;MTL;436
MOTUL-103830;103830;103830;3462799;NULL;MTL;436
MOTUL-103569;103569;103569;3462814;NULL;MTL;436
MOTUL-100922;100922;100922;3462853;NULL;MTL;436
MOTUL-100410;100410;100410;3462857;NULL;MTL;436
MOTUL-100073;100073;100073;3462887;NULL;MTL;436
SWSTAHL-Z3013-12;Z3013-12;Z3013-12;3462893;NULL;SWS;3897
BREMI-20750;20750;20750;3483096;NULL;BMI;47
BREMI-20752;20752;20752;3483098;NULL;BMI;47
BREMI-20753;20753;20753;3483099;NULL;BMI;47
BREMI-20759;20759;20759;3483105;NULL;BMI;47
BREMI-20760;20760;20760;3483106;NULL;BMI;47
BREMI-20763;20763;20763;3483109;NULL;BMI;47
MANNFILTER-C 25 700;C 25 700;C 25 700;3483371;NULL;MUH;4
MASTERSPORTGERMANY-36812/2-SET-MS;36812/2-SET-MS;36812/2-SET-MS?;3604342;NULL;MSP;358
MANNFILTER-LE 39 007;LE 39 007;LE 39 007;3706133;NULL;MUH;4
MANNFILTER-CUK 23 024;CUK 23 024;CUK 23 024;3847618;NULL;MUH;4
GKN-GKNP20086;GKNP20086;GKNP20086;3924745;NULL;GKN;6306
GKN-GKNP20087;GKNP20087;GKNP20087;3924746;NULL;GKN;6306
GKN-GKNP20088;GKNP20088;GKNP20088;3924747;NULL;GKN;6306
GKN-GKNP20089;GKNP20089;GKNP20089;3924748;NULL;GKN;6306
BREMI-26528;26528;26528;4129775;NULL;BMI;47
BREMI-26529;26529;26529;4129776;NULL;BMI;47
BREMI-26530;26530;26530;4129777;NULL;BMI;47
BORGWARNERAWD-DS120526;DS120526;DS120526;4252349;NULL;BOW;6444
BORGWARNERAWD-DS120686;DS120686;DS120686;4252350;NULL;BOW;6444
BORGWARNERAWD-DS118574;DS118574;DS118574;4253107;NULL;BOW;6444
BORGWARNERAWD-DS118577;DS118577;DS118577;4253108;NULL;BOW;6444
BORGWARNERAWD-DS118611;DS118611;DS118611;4253110;NULL;BOW;6444
BORGWARNERAWD-DS118613;DS118613;DS118613;4253111;NULL;BOW;6444
BORGWARNERAWD-DS118622;DS118622;DS118622;4253112;NULL;BOW;6444
BORGWARNERAWD-DS119088;DS119088;DS119088;4253113;NULL;BOW;6444
BORGWARNERAWD-DS119863;DS119863;DS119863;4253114;NULL;BOW;6444
BORGWARNERAWD-DS119866;DS119866;DS119866;4253115;NULL;BOW;6444
BORGWARNERAWD-DS2002774;DS2002774;DS2002774;4253120;NULL;BOW;6444
KNECHT-KC 624D;KC 624D;KC 624D;4650562;NULL;KNE;34
KNECHT-KC 629D;KC 629D;KC 629D;4650563;NULL;KNE;34
KNECHT-KC 633D;KC 633D;KC 633D;4650564;NULL;KNE;34
KNECHT-KC 634D;KC 634D;KC 634D;4650565;NULL;KNE;34
KNECHT-KC 645D;KC 645D;KC 645D;4650566;NULL;KNE;34
KNECHT-KC 646D;KC 646D;KC 646D;4650567;NULL;KNE;34
KNECHT-KC 648D;KC 648D;KC 648D;4650568;NULL;KNE;34
KNECHT-KC 652D;KC 652D;KC 652D;4650569;NULL;KNE;34
KNECHT-KC 697D;KC 697D;KC 697D;4650570;NULL;KNE;34
KNECHT-KC 699D;KC 699D;KC 699D;4650571;NULL;KNE;34
DTSPAREPARTS-2.62326;2.62326;2.62326;4650909;NULL;DTT;355
BREMI-60592;60592;60592;4652436;NULL;BMI;47
MAPCO-15888C;15888C;15888C;4656059;NULL;MAP;133
MAPCO-25716C;25716C;25716C;4656061;NULL;MAP;133
MAPCO-25717C;25717C;25717C;4656062;NULL;MAP;133
MAPCO-25718C;25718C;25718C;4656063;NULL;MAP;133
MAPCO-25719C;25719C;25719C;4656064;NULL;MAP;133
MAPCO-45833C;45833C;45833C;4656078;NULL;MAP;133
MANNFILTER-C 23 031;C 23 031;C 23 031;4658217;NULL;MUH;4
MANNFILTER-C 26 089;C 26 089;C 26 089;4658219;NULL;MUH;4
MANNFILTER-C 29 033;C 29 033;C 29 033;4658222;NULL;MUH;4
REMSA-4444.00;4444.00;4444.00;4658483;NULL;RE;153
ABAKUS-120-00-034;120-00-034;120-00-034;4660530;NULL;ABK;4657
ABAKUS-120-00-035;120-00-035;120-00-035;4660531;NULL;ABK;4657
ABAKUS-120-00-036;120-00-036;120-00-036;4660532;NULL;ABK;4657
ABAKUS-120-00-037;120-00-037;120-00-037;4660533;NULL;ABK;4657
ABAKUS-120-00-038;120-00-038;120-00-038;4660534;NULL;ABK;4657
ABAKUS-120-00-039;120-00-039;120-00-039;4660535;NULL;ABK;4657
ABAKUS-120-00-040;120-00-040;120-00-040;4660536;NULL;ABK;4657
ABAKUS-120-00-041;120-00-041;120-00-041;4660537;NULL;ABK;4657
ABAKUS-120-00-042;120-00-042;120-00-042;4660538;NULL;ABK;4657
ABAKUS-120-00-043;120-00-043;120-00-043;4660539;NULL;ABK;4657
ABAKUS-120-00-044;120-00-044;120-00-044;4660540;NULL;ABK;4657
ABAKUS-120-00-045;120-00-045;120-00-045;4660541;NULL;ABK;4657
ABAKUS-120-00-25;120-00-25;120-00-25;4660543;NULL;ABK;4657
HAZET-8816HP/11;8816HP/11;8816HP/11;4661191;NULL;HAZ;4808
BREMI-20764;20764;20764;4661216;NULL;BMI;47
BREMI-20765;20765;20765;4661217;NULL;BMI;47
GEDORE-1.40/2;1.40/2;1.40/2;4661836;NULL;GED;4912
GEDORE-KL-4111-1922;KL-4111-1922;KL-4111-1922;4661864;NULL;GED;4912
GEDORE-KL-0183-2003;KL-0183-2003;KL-0183-2003;4663212;NULL;GED;4912
ABAKUS-004-07-841S;004-07-841S;004-07-841S;4663389;NULL;ABK;4657
ABAKUS-004-07-842S;004-07-842S;004-07-842S;4663391;NULL;ABK;4657
ABAKUS-004-07-843;004-07-843;004-07-843;4663392;NULL;ABK;4657
ABAKUS-004-07-844;004-07-844;004-07-844;4663393;NULL;ABK;4657
ABAKUS-004-07-865;004-07-865;004-07-865;4663394;NULL;ABK;4657
ABAKUS-004-07-865S;004-07-865S;004-07-865S;4663395;NULL;ABK;4657
ABAKUS-004-07-866;004-07-866;004-07-866;4663396;NULL;ABK;4657
ABAKUS-004-07-866S;004-07-866S;004-07-866S;4663397;NULL;ABK;4657
ABAKUS-042-50-861S;042-50-861S;042-50-861S;4663399;NULL;ABK;4657
ABAKUS-042-50-862S;042-50-862S;042-50-862S;4663401;NULL;ABK;4657
ABAKUS-053-53-861;053-53-861;053-53-861;4663406;NULL;ABK;4657
ABAKUS-053-53-861S;053-53-861S;053-53-861S;4663407;NULL;ABK;4657
ABAKUS-053-53-862;053-53-862;053-53-862;4663408;NULL;ABK;4657
ABAKUS-053-53-862S;053-53-862S;053-53-862S;4663409;NULL;ABK;4657
ABAKUS-1257S01;1257S01;1257S01;4663412;NULL;ABK;4657
ABAKUS-1257S02;1257S02;1257S02;4663413;NULL;ABK;4657
ABAKUS-1257S03;1257S03;1257S03;4663414;NULL;ABK;4657
ABAKUS-1257S04;1257S04;1257S04;4663415;NULL;ABK;4657
ABAKUS-1542S01;1542S01;1542S01;4663416;NULL;ABK;4657
ABAKUS-1542S02;1542S02;1542S02;4663417;NULL;ABK;4657
ABAKUS-1622S01;1622S01;1622S01;4663418;NULL;ABK;4657
ABAKUS-1622S02;1622S02;1622S02;4663419;NULL;ABK;4657
ABAKUS-213-1509R-2CAE;213-1509R-2CAE;213-1509R-2CAE;4663421;NULL;ABK;4657
GEDORE-119-175 8;119-175 8;119-175 8;4665565;NULL;GED;4912
ABAKUS-004-028-122;004-028-122;004-028-122;4665860;NULL;ABK;4657
ABAKUS-004-028-123;004-028-123;004-028-123;4665861;NULL;ABK;4657
ABAKUS-053-028-111;053-028-111;053-028-111;4665862;NULL;ABK;4657
ABAKUS-053-028-112;053-028-112;053-028-112;4665863;NULL;ABK;4657
MANNFILTER-LB 13 145/50;LB 13 145/50;LB 13 145/50;4666258;NULL;MUH;4
ABAKUS-004-025-0025;004-025-0025;004-025-0025;4666276;NULL;ABK;4657
ABAKUS-FSH;FSH;FSH;4666296;NULL;ABK;4657
ABAKUS-0208M05;0208M05;0208M05;4667410;NULL;ABK;4657
ABAKUS-0208M06;0208M06;0208M06;4667411;NULL;ABK;4657
ABAKUS-0209M05;0209M05;0209M05;4667412;NULL;ABK;4657
ABAKUS-0209M06;0209M06;0209M06;4667413;NULL;ABK;4657
ABAKUS-0410M22;0410M22;0410M22;4667416;NULL;ABK;4657
ABAKUS-0423M01;0423M01;0423M01;4667417;NULL;ABK;4657
ABAKUS-0423M02;0423M02;0423M02;4667418;NULL;ABK;4657
ABAKUS-0506M23;0506M23;0506M23;4667419;NULL;ABK;4657
ABAKUS-0506M25;0506M25;0506M25;4667420;NULL;ABK;4657
ABAKUS-0523M11;0523M11;0523M11;4667421;NULL;ABK;4657
ABAKUS-0523M12;0523M12;0523M12;4667422;NULL;ABK;4657
ABAKUS-0530M17;0530M17;0530M17;4667423;NULL;ABK;4657
ABAKUS-0530M18;0530M18;0530M18;4667424;NULL;ABK;4657
ABAKUS-0538M21;0538M21;0538M21;4667425;NULL;ABK;4657
ABAKUS-0538M22;0538M22;0538M22;4667426;NULL;ABK;4657
ABAKUS-0604M05;0604M05;0604M05;4667427;NULL;ABK;4657
ABAKUS-0604M07;0604M07;0604M07;4667428;NULL;ABK;4657
ABAKUS-0604M09;0604M09;0604M09;4667429;NULL;ABK;4657
ABAKUS-0606M05;0606M05;0606M05;4667430;NULL;ABK;4657
ABAKUS-0606M06;0606M06;0606M06;4667431;NULL;ABK;4657
ABAKUS-0611M05;0611M05;0611M05;4667432;NULL;ABK;4657
ABAKUS-0611M06;0611M06;0611M06;4667433;NULL;ABK;4657
ABAKUS-0614M01;0614M01;0614M01;4667434;NULL;ABK;4657
ABAKUS-0614M02;0614M02;0614M02;4667435;NULL;ABK;4657
ABAKUS-0615M01;0615M01;0615M01;4667436;NULL;ABK;4657
ABAKUS-0615M02;0615M02;0615M02;4667437;NULL;ABK;4657
ABAKUS-0615M03;0615M03;0615M03;4667438;NULL;ABK;4657
ABAKUS-0615M04;0615M04;0615M04;4667439;NULL;ABK;4657
ABAKUS-1254M01;1254M01;1254M01;4667440;NULL;ABK;4657
ABAKUS-1254M02;1254M02;1254M02;4667441;NULL;ABK;4657
ABAKUS-1255M05;1255M05;1255M05;4667442;NULL;ABK;4657
ABAKUS-1255M06;1255M06;1255M06;4667443;NULL;ABK;4657
ABAKUS-1256M01;1256M01;1256M01;4667444;NULL;ABK;4657
ABAKUS-1256M02;1256M02;1256M02;4667445;NULL;ABK;4657
ABAKUS-1257M01;1257M01;1257M01;4667446;NULL;ABK;4657
ABAKUS-1257M02;1257M02;1257M02;4667447;NULL;ABK;4657
ABAKUS-1257M03;1257M03;1257M03;4667448;NULL;ABK;4657
ABAKUS-1257M04;1257M04;1257M04;4667449;NULL;ABK;4657
ABAKUS-1257M05;1257M05;1257M05;4667450;NULL;ABK;4657
ABAKUS-1257M06;1257M06;1257M06;4667451;NULL;ABK;4657
ABAKUS-1257M07;1257M07;1257M07;4667452;NULL;ABK;4657
ABAKUS-1257M08;1257M08;1257M08;4667453;NULL;ABK;4657
ABAKUS-1257M09;1257M09;1257M09;4667454;NULL;ABK;4657
ABAKUS-1418M22;1418M22;1418M22;4667455;NULL;ABK;4657
ABAKUS-1542M01;1542M01;1542M01;4667456;NULL;ABK;4657
ABAKUS-1542M02;1542M02;1542M02;4667457;NULL;ABK;4657
ABAKUS-1542M03;1542M03;1542M03;4667458;NULL;ABK;4657
ABAKUS-1542M04;1542M04;1542M04;4667459;NULL;ABK;4657
ABAKUS-1542M05;1542M05;1542M05;4667460;NULL;ABK;4657
ABAKUS-1542M06;1542M06;1542M06;4667461;NULL;ABK;4657
ABAKUS-1542M07;1542M07;1542M07;4667462;NULL;ABK;4657
ABAKUS-1542M08;1542M08;1542M08;4667463;NULL;ABK;4657
ABAKUS-1550M01;1550M01;1550M01;4667464;NULL;ABK;4657
ABAKUS-1550M02;1550M02;1550M02;4667465;NULL;ABK;4657
ABAKUS-1550M05;1550M05;1550M05;4667466;NULL;ABK;4657
ABAKUS-1550M06;1550M06;1550M06;4667467;NULL;ABK;4657
ABAKUS-1622M01;1622M01;1622M01;4667468;NULL;ABK;4657
ABAKUS-1622M02;1622M02;1622M02;4667469;NULL;ABK;4657
ABAKUS-1622M03;1622M03;1622M03;4667470;NULL;ABK;4657
ABAKUS-1622M04;1622M04;1622M04;4667471;NULL;ABK;4657
ABAKUS-1622M05;1622M05;1622M05;4667472;NULL;ABK;4657
ABAKUS-1622M06;1622M06;1622M06;4667473;NULL;ABK;4657
ABAKUS-1817M01;1817M01;1817M01;4667474;NULL;ABK;4657
ABAKUS-1817M02;1817M02;1817M02;4667475;NULL;ABK;4657
ABAKUS-1817M03;1817M03;1817M03;4667476;NULL;ABK;4657
ABAKUS-1817M04;1817M04;1817M04;4667477;NULL;ABK;4657
ABAKUS-2444M02;2444M02;2444M02;4667478;NULL;ABK;4657
ABAKUS-2541M01;2541M01;2541M01;4667479;NULL;ABK;4657
ABAKUS-2541M02;2541M02;2541M02;4667480;NULL;ABK;4657
ABAKUS-3907M02;3907M02;3907M02;4667493;NULL;ABK;4657
ABAKUS-3907M08;3907M08;3907M08;4667494;NULL;ABK;4657
BMCATALYSTS-PP11073A;PP11073A;PP11073A;4668128;NULL;BMC;406
BMCATALYSTS-PP11073B;PP11073B;PP11073B;4668129;NULL;BMC;406
BMCATALYSTS-PP11099A;PP11099A;PP11099A;4668130;NULL;BMC;406
BMCATALYSTS-PP11099B;PP11099B;PP11099B;4668131;NULL;BMC;406
BMCATALYSTS-PP11153A;PP11153A;PP11153A;4668132;NULL;BMC;406
BMCATALYSTS-PP11153B;PP11153B;PP11153B;4668133;NULL;BMC;406
ABAKUS-009-017-0067;009-017-0067;009-017-0067;4669529;NULL;ABK;4657
ABAKUS-042-017-0078;042-017-0078;042-017-0078;4669532;NULL;ABK;4657
ABAKUS-052-017-0016;052-017-0016;052-017-0016;4669533;NULL;ABK;4657
BMCATALYSTS-BM80627H;BM80627H;BM80627H;4671800;NULL;BMC;406
BMCATALYSTS-BM92048H;BM92048H;BM92048H;4671801;NULL;BMC;406
BMCATALYSTS-BM92275H;BM92275H;BM92275H;4671802;NULL;BMC;406
BMCATALYSTS-BM92451H;BM92451H;BM92451H;4671803;NULL;BMC;406
ABAKUS-L04-470-0001LED;L04-470-0001LED;L04-470-0001LED;4672208;NULL;ABK;4657
ABAKUS-L04-470-0002LED;L04-470-0002LED;L04-470-0002LED;4672209;NULL;ABK;4657
ABAKUS-L53-470-0001LED;L53-470-0001LED;L53-470-0001LED;4672210;NULL;ABK;4657
MANNFILTER-H 4001;H 4001;H 4001;4672355;NULL;MUH;4
BREMI-60594;60594;60594;4675559;NULL;BMI;47
ABAKUS-212-19BYL-UE;212-19BYL-UE;212-19BYL-UE;4677173;NULL;ABK;4657
ABAKUS-333-1960L-AC;333-1960L-AC;333-1960L-AC;4677176;NULL;ABK;4657
ABAKUS-333-1960R-Ac;333-1960R-Ac;333-1960R-Ac;4677177;NULL;ABK;4657
ABAKUS-440-19AHL-LD-AE;440-19AHL-LD-AE;440-19AHL-LD-AE;4677178;NULL;ABK;4657
ABAKUS-440-19AHR-LD-AE;440-19AHR-LD-AE;440-19AHR-LD-AE;4677179;NULL;ABK;4657
HR1-1465607;1465607;1465607;4677977;NULL;HUR;5060
HR1-B1465607;B1465607;B1465607;4677978;NULL;HUR;5060
ABAKUS-009-015-0016;009-015-0016;009-015-0016;4678005;NULL;ABK;4657
ABAKUS-014-025-0017;014-025-0017;014-025-0017;4680940;NULL;ABK;4657
ABAKUS-053-025-0039;053-025-0039;053-025-0039;4680941;NULL;ABK;4657
ABAKUS-053-025-0040;053-025-0040;053-025-0040;4680942;NULL;ABK;4657
MANNFILTER-LC 19 001;LC 19 001;LC 19 001;4683101;NULL;MUH;4
ABAKUS-038-20-905;038-20-905;038-20-905;4683131;NULL;ABK;4657
ABAKUS-038-24-905;038-24-905;038-24-905;4683132;NULL;ABK;4657
ABAKUS-053-14-900;053-14-900;053-14-900;4683133;NULL;ABK;4657
ABAKUS-053-14-905LED;053-14-905LED;053-14-905LED;4683135;NULL;ABK;4657
ABAKUS-L03-210-0005LED;L03-210-0005LED;L03-210-0005LED;4683137;NULL;ABK;4657
ABAKUS-L03-210-0006LED;L03-210-0006LED;L03-210-0006LED;4683138;NULL;ABK;4657
ABAKUS-L03-210-0007LED;L03-210-0007LED;L03-210-0007LED;4683139;NULL;ABK;4657
ABAKUS-L03-210-0008LED;L03-210-0008LED;L03-210-0008LED;4683140;NULL;ABK;4657
ABAKUS-L04-210-0007LED;L04-210-0007LED;L04-210-0007LED;4683141;NULL;ABK;4657
ABAKUS-L04-210-0008LED;L04-210-0008LED;L04-210-0008LED;4683142;NULL;ABK;4657
ABAKUS-L04-210-0009LED;L04-210-0009LED;L04-210-0009LED;4683143;NULL;ABK;4657
ABAKUS-L04-210-0010LED;L04-210-0010LED;L04-210-0010LED;4683144;NULL;ABK;4657
ABAKUS-L04-210-0011LED;L04-210-0011LED;L04-210-0011LED;4683145;NULL;ABK;4657
ABAKUS-L10-210-0001LED;L10-210-0001LED;L10-210-0001LED;4683146;NULL;ABK;4657
ABAKUS-L16-210-0002LED;L16-210-0002LED;L16-210-0002LED;4683147;NULL;ABK;4657
ABAKUS-L16-210-0003LED;L16-210-0003LED;L16-210-0003LED;4683148;NULL;ABK;4657
ABAKUS-L16-210-0004LED;L16-210-0004LED;L16-210-0004LED;4683149;NULL;ABK;4657
ABAKUS-L16-210-0005LED;L16-210-0005LED;L16-210-0005LED;4683150;NULL;ABK;4657
ABAKUS-L16-210-0006LED;L16-210-0006LED;L16-210-0006LED;4683151;NULL;ABK;4657
ABAKUS-L17-210-0007LED;L17-210-0007LED;L17-210-0007LED;4683152;NULL;ABK;4657
ABAKUS-L17-210-0008LED;L17-210-0008LED;L17-210-0008LED;4683153;NULL;ABK;4657
ABAKUS-L17-210-0009LED;L17-210-0009LED;L17-210-0009LED;4683154;NULL;ABK;4657
ABAKUS-L37-210-0003LED;L37-210-0003LED;L37-210-0003LED;4683155;NULL;ABK;4657
ABAKUS-L37-210-0004LED;L37-210-0004LED;L37-210-0004LED;4683156;NULL;ABK;4657
ABAKUS-L37-210-0005LED;L37-210-0005LED;L37-210-0005LED;4683157;NULL;ABK;4657
ABAKUS-L37-210-0006LED;L37-210-0006LED;L37-210-0006LED;4683158;NULL;ABK;4657
ABAKUS-L37-210-0007LED;L37-210-0007LED;L37-210-0007LED;4683159;NULL;ABK;4657
ABAKUS-L37-210-0008LED;L37-210-0008LED;L37-210-0008LED;4683160;NULL;ABK;4657
ABAKUS-L38-210-0003LED;L38-210-0003LED;L38-210-0003LED;4683161;NULL;ABK;4657
ABAKUS-L38-210-0004LED;L38-210-0004LED;L38-210-0004LED;4683162;NULL;ABK;4657
ABAKUS-L38-210-0005LED;L38-210-0005LED;L38-210-0005LED;4683163;NULL;ABK;4657
ABAKUS-L40-210-0001LED;L40-210-0001LED;L40-210-0001LED;4683164;NULL;ABK;4657
ABAKUS-L52-210-0002LED;L52-210-0002LED;L52-210-0002LED;4683166;NULL;ABK;4657
ABAKUS-L52-210-0003LED;L52-210-0003LED;L52-210-0003LED;4683167;NULL;ABK;4657
ABAKUS-L52-210-0004LED;L52-210-0004LED;L52-210-0004LED;4683168;NULL;ABK;4657
ABAKUS-L52-470-0001LED;L52-470-0001LED;L52-470-0001LED;4683169;NULL;ABK;4657
ABAKUS-L53-210-0004LED;L53-210-0004LED;L53-210-0004LED;4683170;NULL;ABK;4657
ABAKUS-L53-210-0005LED;L53-210-0005LED;L53-210-0005LED;4683171;NULL;ABK;4657
ABAKUS-L53-210-0006LED;L53-210-0006LED;L53-210-0006LED;4683172;NULL;ABK;4657
ABAKUS-L53-210-0007LED;L53-210-0007LED;L53-210-0007LED;4683173;NULL;ABK;4657
ABAKUS-L53-210-0008LED;L53-210-0008LED;L53-210-0008LED;4683174;NULL;ABK;4657
ABAKUS-L54-210-0003LED;L54-210-0003LED;L54-210-0003LED;4683175;NULL;ABK;4657
ABAKUS-L54-210-0004LED;L54-210-0004LED;L54-210-0004LED;4683176;NULL;ABK;4657
ABAKUS-L54-210-0005LED;L54-210-0005LED;L54-210-0005LED;4683177;NULL;ABK;4657
ABAKUS-L54-210-0006LED;L54-210-0006LED;L54-210-0006LED;4683178;NULL;ABK;4657
MAPCO-29010;29010;29010;4683441;NULL;MAP;133
MAPCO-2919;2919;2919;4684730;NULL;MAP;133
HR1-33639-1;33639-1;33639-1;4684819;NULL;HUR;5060
HR1-33639-2;33639-2;33639-2;4684820;NULL;HUR;5060
HR1-33639-3;33639-3;33639-3;4684821;NULL;HUR;5060
HR1-33639-4;33639-4;33639-4;4684822;NULL;HUR;5060
HR1-33662-3;33662-3;33662-3;4684823;NULL;HUR;5060
HR1-33662-4;33662-4;33662-4;4684824;NULL;HUR;5060
ABAKUS-042-022-0005;042-022-0005;042-022-0005;4685940;NULL;ABK;4657
ABAKUS-100-1101N-RD-E;100-1101N-RD-E;100-1101N-RD-E;4686193;NULL;ABK;4657
ABAKUS-431-11AJLMLDEM1;431-11AJLMLDEM1;431-11AJLMLDEM1;4686194;NULL;ABK;4657
ABAKUS-431-11AJRMLDEM1;431-11AJRMLDEM1;431-11AJRMLDEM1;4686195;NULL;ABK;4657
ABAKUS-440-11AXLMLD-EM;440-11AXLMLD-EM;440-11AXLMLD-EM;4686196;NULL;ABK;4657
ABAKUS-440-11AXRMLD-EM;440-11AXRMLD-EM;440-11AXRMLD-EM;4686197;NULL;ABK;4657
ABAKUS-550-1171LMLDEM2;550-1171LMLDEM2;550-1171LMLDEM2;4686200;NULL;ABK;4657
KRAFTAUTOMOTIVE-4233686;4233686;4233686;4686408;NULL;KFT;4546
ABAKUS-1254C01;1254C01;1254C01;4687732;NULL;ABK;4657
ABAKUS-1254C02;1254C02;1254C02;4687733;NULL;ABK;4657
ABAKUS-1542C01;1542C01;1542C01;4687734;NULL;ABK;4657
ABAKUS-1542C02;1542C02;1542C02;4687735;NULL;ABK;4657
ABAKUS-1622C01;1622C01;1622C01;4687736;NULL;ABK;4657
ABAKUS-1622C02;1622C02;1622C02;4687737;NULL;ABK;4657
ABAKUS-1622C03;1622C03;1622C03;4687738;NULL;ABK;4657
ABAKUS-1622C04;1622C04;1622C04;4687739;NULL;ABK;4657
ABAKUS-1622C05;1622C05;1622C05;4687740;NULL;ABK;4657
ABAKUS-1622C06;1622C06;1622C06;4687741;NULL;ABK;4657
ABAKUS-1622C07;1622C07;1622C07;4687742;NULL;ABK;4657
ABAKUS-1622C08;1622C08;1622C08;4687743;NULL;ABK;4657
ABAKUS-2405C01;2405C01;2405C01;4687744;NULL;ABK;4657
ABAKUS-2405C02;2405C02;2405C02;4687745;NULL;ABK;4657
ABAKUS-2413C02;2413C02;2413C02;4687746;NULL;ABK;4657
ABAKUS-2725C01;2725C01;2725C01;4687747;NULL;ABK;4657
ABAKUS-4060C05;4060C05;4060C05;4687748;NULL;ABK;4657
ABAKUS-4060C06;4060C06;4060C06;4687749;NULL;ABK;4657
MOTAIRTURBO-106135;106135;106135;4689252;NULL;MOA;345
MOTAIRTURBO-106365;106365;106365;4689257;NULL;MOA;345
MOTAIRTURBO-106397;106397;106397;4689258;NULL;MOA;345
MOTAIRTURBO-106505;106505;106505;4689263;NULL;MOA;345
MOTAIRTURBO-106517;106517;106517;4689264;NULL;MOA;345
MOTAIRTURBO-106595;106595;106595;4689266;NULL;MOA;345
MOTAIRTURBO-106645;106645;106645;4689268;NULL;MOA;345
MOTAIRTURBO-106997;106997;106997;4689270;NULL;MOA;345
MOTAIRTURBO-600127;600127;600127;4689299;NULL;MOA;345
HAZET-9035-5-04/6;9035-5-04/6;9035-5-04/6;4694404;NULL;HAZ;4808
ABAKUS-1257G03;1257G03;1257G03;4695215;NULL;ABK;4657
ABAKUS-1542G01;1542G01;1542G01;4695216;NULL;ABK;4657
ABAKUS-1542G02;1542G02;1542G02;4695217;NULL;ABK;4657
ABAKUS-1622G01;1622G01;1622G01;4695218;NULL;ABK;4657
ABAKUS-1622G02;1622G02;1622G02;4695219;NULL;ABK;4657
ABAKUS-2443G01;2443G01;2443G01;4695223;NULL;ABK;4657
ABAKUS-2443G02;2443G02;2443G02;4695224;NULL;ABK;4657
ABAKUS-3167G01;3167G01;3167G01;4695227;NULL;ABK;4657
ABAKUS-4044G03;4044G03;4044G03;4695229;NULL;ABK;4657
ABAKUS-4044G04;4044G04;4044G04;4695230;NULL;ABK;4657
HR1-23020HA1;23020HA1;23020HA1;4695645;NULL;HUR;5060
HR1-23020VA1;23020VA1;23020VA1;4695646;NULL;HUR;5060
HR1-23023HA1;23023HA1;23023HA1;4695647;NULL;HUR;5060
HR1-23023VA1;23023VA1;23023VA1;4695648;NULL;HUR;5060
HR1-28620HA1;28620HA1;28620HA1;4695649;NULL;HUR;5060
HR1-28620VA1;28620VA1;28620VA1;4695650;NULL;HUR;5060
HR1-28622HA1;28622HA1;28622HA1;4695651;NULL;HUR;5060
HR1-28622VA1;28622VA1;28622VA1;4695652;NULL;HUR;5060
HR1-28624HA1;28624HA1;28624HA1;4695653;NULL;HUR;5060
HR1-28624VA1;28624VA1;28624VA1;4695654;NULL;HUR;5060
HR1-28628HA2;28628HA2;28628HA2;4695655;NULL;HUR;5060
HR1-28629HA2;28629HA2;28629HA2;4695657;NULL;HUR;5060
HR1-28630HA1;28630HA1;28630HA1;4695658;NULL;HUR;5060
HR1-28630VA1;28630VA1;28630VA1;4695659;NULL;HUR;5060
HR1-28631HA2;28631HA2;28631HA2;4695660;NULL;HUR;5060
HR1-28633HA2;28633HA2;28633HA2;4695661;NULL;HUR;5060
HR1-28633VA2;28633VA2;28633VA2;4695662;NULL;HUR;5060
HR1-28641HA2;28641HA2;28641HA2;4695663;NULL;HUR;5060
HR1-28641VA3;28641VA3;28641VA3;4695664;NULL;HUR;5060
HR1-28790HA5;28790HA5;28790HA5;4695665;NULL;HUR;5060
HR1-28627HA1;28627HA1;28627HA1;4696897;NULL;HUR;5060
HR1-28627VA1;28627VA1;28627VA1;4696898;NULL;HUR;5060
ABAKUS-053-028-066;053-028-066;053-028-066;4697923;NULL;ABK;4657
HAZET-9035-5-05;9035-5-05;9035-5-05;4698851;NULL;HAZ;4808
KNECHT-74.0 X 80.0 X 3.0;74.0 X 80.0 X 3.0;74.0 X 80.0 X 3.0;4699062;NULL;KNE;34
ABAKUS-003-15-870D;003-15-870D;003-15-870D;4699089;NULL;ABK;4657
ABAKUS-003-25-870D;003-25-870D;003-25-870D;4699091;NULL;ABK;4657
ABAKUS-003-25-870SD;003-25-870SD;003-25-870SD;4699092;NULL;ABK;4657
ABAKUS-003-26-870;003-26-870;003-26-870;4699093;NULL;ABK;4657
ABAKUS-017-41-875;017-41-875;017-41-875;4699094;NULL;ABK;4657
ABAKUS-048-05-870S;048-05-870S;048-05-870S;4699095;NULL;ABK;4657
ABAKUS-048-13-870S;048-13-870S;048-13-870S;4699097;NULL;ABK;4657
ABAKUS-053-43-870S;053-43-870S;053-43-870S;4699098;NULL;ABK;4657
ABAKUS-053-43-871S;053-43-871S;053-43-871S;4699099;NULL;ABK;4657
ABAKUS-053-43-872S;053-43-872S;053-43-872S;4699100;NULL;ABK;4657
ABAKUS-053-54-870S;053-54-870S;053-54-870S;4699102;NULL;ABK;4657
ABAKUS-053-55-870S;053-55-870S;053-55-870S;4699104;NULL;ABK;4657
ABAKUS-004-025-0024;004-025-0024;004-025-0024;4707253;NULL;ABK;4657
ABAKUS-053-025-0037;053-025-0037;053-025-0037;4707255;NULL;ABK;4657
ABAKUS-053-025-0038;053-025-0038;053-025-0038;4707256;NULL;ABK;4657
